RMSE,MAE,R2
24.3178179445646,13.773576924742569,0.9324551254302142
